id,week,trip,price.0,price.KB,price.KR,price.MB,choice
1,96,1,0,1.43,1.43,1.43,0
2,14,1,0,1.43,1.43,1.65,0
2,25,2,0,1.43,1.43,1.65,0
2,26,3,0,1.43,1.43,1.65,0
2,31,4,0,1.43,0.88,1.65,KB
2,89,5,0,1.43,1.43,1.32,KB
2,94,6,0,0.9,0.89,1.43,KR
2,96,7,0,1.43,1.43,1.43,0
2,114,8,0,1.43,1.43,1.34,MB
2,126,9,0,1.43,1.43,1.26,MB
2,146,10,0,1.47,1.43,1.33,KR
3,1,1,0,1.43,0.89,1.21,KR
3,2,2,0,1.43,1.43,1.61,KR
3,4,3,0,1.43,1.28,1.61,KR
3,5,4,0,1.43,0.9,1.61,KR
3,15,5,0,1.43,1.43,1.65,KR
3,18,6,0,0.88,0.88,1.25,KB
3,23,7,0,1.43,1.43,1.65,KR
3,30,8,0,1.43,1.28,1.65,KR
3,31,9,0,1.43,0.88,1.65,KR
3,44,10,0,1.28,1.43,99,KR
3,45,11,0,0.89,1.43,99,KB
3,84,12,0,1.43,1.43,1.43,KR
3,97,13,0,1.43,1.43,1.43,0
3,105,14,0,1.43,1.43,1.43,MB
3,117,15,0,1.43,0.91,1.26,KR
3,126,16,0,1.43,1.43,1.26,KR
3,132,17,0,1.47,1.43,1.03,KR
3,137,18,0,1.47,1.43,1.21,KR
3,138,19,0,1.47,1.43,1.24,KR
3,139,20,0,1.47,1.43,1.34,KR
3,145,21,0,1.47,1.43,1.42,KR
3,146,22,0,1.47,1.43,1.33,MB
3,150,23,0,1.42,1.43,1.27,MB
3,152,24,0,1.47,1.43,1.06,MB
4,98,1,0,1.41,1.41,1.43,0
4,110,2,0,1.43,1.43,1.35,0
4,114,3,0,1.43,1.43,1.34,0
4,138,4,0,1.47,1.43,1.24,0
5,18,1,0,0.88,0.88,1.25,KB
5,26,2,0,1.43,1.43,1.65,0
5,50,3,0,1.43,1.43,99,0
5,109,4,0,1.43,1.43,1.61,0
5,139,5,0,1.47,1.43,1.34,0
5,149,6,0,1.21,1.43,1.29,KB
6,112,1,0,0.88,1.27,1.26,0
6,151,2,0,1.47,1.43,1.29,0
7,12,1,0,1.43,1.43,1.65,0
7,20,2,0,1.43,1.43,1.25,0
7,27,3,0,1.43,1.43,1.65,0
7,29,4,0,0.9,1.43,1.65,KB
7,32,5,0,1.28,1.43,1.65,0
7,56,6,0,1.43,1.43,99,0
7,60,7,0,1.21,1.43,99,KB
7,62,8,0,1.43,1.43,99,0
7,67,9,0,1.43,1.21,99,KR
7,71,10,0,1.21,1.43,1.43,KB
7,107,11,0,1.43,0.9,1.39,KR
7,111,12,0,1.21,1.43,1.1,MB
7,119,13,0,1.43,1.43,1.26,MB
8,49,1,0,1.43,1.43,99,0
8,58,2,0,1.43,1.43,99,0
9,54,1,0,1.43,1.43,99,0
9,111,2,0,1.21,1.43,1.1,MB
10,50,1,0,1.43,1.43,99,0
10,87,2,0,1.43,1.43,1.26,KB
10,116,3,0,1.43,1.43,1.26,0
10,122,4,0,1.43,1.43,1.26,0
10,136,5,0,1.47,1.43,1.19,KB
10,139,6,0,1.47,1.43,1.34,0
11,101,1,0,1.43,1.43,1.43,0
11,141,2,0,1.47,1.43,1.37,0
12,3,1,0,1.43,1.43,1.61,0
12,122,2,0,1.43,1.43,1.26,0
13,16,1,0,1.43,1.43,1.25,0
14,3,1,0,1.43,1.43,1.61,KB
14,65,2,0,1.43,1.43,99,0
14,74,3,0,1.43,1.43,1.43,0
14,78,4,0,1.43,1.43,1.43,0
14,81,5,0,1.43,1.43,1.33,KB
14,83,6,0,1.43,1.43,1.43,KB
14,87,7,0,1.43,1.43,1.26,0
14,97,8,0,1.43,1.43,1.43,0
14,99,9,0,1.43,1.43,1.43,0
14,103,10,0,1.43,1.43,1.43,0
14,107,11,0,1.43,0.9,1.39,0
14,109,12,0,1.43,1.43,1.61,0
14,112,13,0,0.88,1.27,1.26,KB
14,115,14,0,1.43,1.43,1.26,0
14,122,15,0,1.43,1.43,1.26,0
14,125,16,0,1.43,1.43,1.26,0
14,129,17,0,0.88,1.43,1.26,KB
14,139,18,0,1.47,1.43,1.34,KB
14,140,19,0,1.47,1.43,1.11,KR
14,142,20,0,1.47,1.43,1.37,0
14,146,21,0,1.47,1.43,1.33,0
15,8,1,0,1.43,1.43,1.23,0
15,11,2,0,1.43,1.43,1.61,0
15,142,3,0,1.47,1.43,1.37,0
15,143,4,0,1.47,1.43,1.35,0
15,149,5,0,1.21,1.43,1.29,0
15,150,6,0,1.42,1.43,1.27,0
15,153,7,0,1.47,1.43,1.27,0
16,11,1,0,1.43,1.43,1.61,0
16,13,2,0,1.43,1.43,1.65,0
16,17,3,0,1.28,1.43,1.25,0
16,24,4,0,1.43,1.43,1.65,0
16,28,5,0,1.43,0.88,1.65,KB
16,44,6,0,1.28,1.43,99,0
16,56,7,0,1.43,1.43,99,0
16,59,8,0,1.21,1.43,99,0
16,75,9,0,1.43,1.43,1.43,0
16,83,10,0,1.43,1.43,1.43,0
16,107,11,0,1.43,0.9,1.39,0
16,117,12,0,1.43,0.91,1.26,0
16,118,13,0,1.43,1.43,1.26,MB
16,135,14,0,1.47,1.43,1.23,0
16,141,15,0,1.47,1.43,1.37,0
16,151,16,0,1.47,1.43,1.29,0
17,4,1,0,1.43,1.28,1.61,0
17,5,2,0,1.43,0.9,1.61,KR
17,28,3,0,1.43,0.88,1.65,0
17,57,4,0,1.43,1.43,99,0
17,70,5,0,1.21,1.43,1.43,0
17,85,6,0,1.43,1.43,1.43,0
17,88,7,0,1.43,1.43,1.43,0
17,95,8,0,1.4,1.39,1.43,0
17,113,9,0,1.43,1.43,1.26,KB
17,114,10,0,1.43,1.43,1.34,MB
17,122,11,0,1.43,1.43,1.26,MB
17,123,12,0,1.43,1.43,1.26,MB
17,131,13,0,1.47,1.43,1.19,0
17,132,14,0,1.47,1.43,1.03,0
17,152,15,0,1.47,1.43,1.06,MB
17,154,16,0,1.47,1.43,1.08,0
18,19,1,0,1.43,1.43,1.25,0
19,4,1,0,1.43,1.28,1.61,KR
19,5,2,0,1.43,0.9,1.61,KR
19,8,3,0,1.43,1.43,1.23,KR
19,10,4,0,0.88,1.4,1.61,KR
19,15,5,0,1.43,1.43,1.65,KB
19,45,6,0,0.89,1.43,99,KB
19,59,7,0,1.21,1.43,99,0
19,63,8,0,1.43,1.43,99,KB
19,66,9,0,1.43,1.21,99,KB
19,70,10,0,1.21,1.43,1.43,KR
19,78,11,0,1.43,1.43,1.43,KR
19,79,12,0,1.43,1.43,1.33,KB
19,82,13,0,1.43,1.43,1.27,KR
19,83,14,0,1.43,1.43,1.43,KR
19,85,15,0,1.43,1.43,1.43,KR
19,86,16,0,1.43,1.43,1.34,KR
19,97,17,0,1.43,1.43,1.43,KR
19,107,18,0,1.43,0.9,1.39,KR
19,110,19,0,1.43,1.43,1.35,0
19,113,20,0,1.43,1.43,1.26,KR
19,116,21,0,1.43,1.43,1.26,KR
19,118,22,0,1.43,1.43,1.26,KR
19,120,23,0,1.43,1.43,1.26,KB
19,124,24,0,1.43,1.43,1.35,KR
19,140,25,0,1.47,1.43,1.11,KR
20,112,1,0,0.88,1.27,1.26,KB
20,122,2,0,1.43,1.43,1.26,MB
20,132,3,0,1.47,1.43,1.03,MB
21,152,1,0,1.47,1.43,1.06,MB
22,128,1,0,1.43,1.43,1.26,KB
23,25,1,0,1.43,1.43,1.65,0
23,29,2,0,0.9,1.43,1.65,KB
24,35,1,0,1.43,1.43,1.65,0
24,67,2,0,1.43,1.21,99,KB
24,83,3,0,1.43,1.43,1.43,0
24,100,4,0,1.43,1.43,1.43,KR
25,18,1,0,0.88,0.88,1.25,0
25,33,2,0,0.93,1.43,1.65,0
25,35,3,0,1.43,1.43,1.65,0
25,40,4,0,1.43,0.88,99,0
26,103,1,0,1.43,1.43,1.43,0
27,122,1,0,1.43,1.43,1.26,MB
28,45,1,0,0.89,1.43,99,KB
28,46,2,0,1.43,1.43,99,KB
28,47,3,0,0.98,1.43,99,KR
28,49,4,0,1.43,1.43,99,KB
28,51,5,0,1.43,1.43,99,KR
28,53,6,0,1.43,1.43,99,KB
28,56,7,0,1.43,1.43,99,0
28,58,8,0,1.43,1.43,99,0
28,61,9,0,1.21,1.43,99,KB
28,62,10,0,1.43,1.43,99,KB
28,63,11,0,1.43,1.43,99,0
28,66,12,0,1.43,1.21,99,KB
28,67,13,0,1.43,1.21,99,KR
28,68,14,0,1.43,1.43,99,KR
28,71,15,0,1.21,1.43,1.43,KB
28,72,16,0,1.43,1.43,1.43,0
28,73,17,0,1.43,1.43,1.43,0
28,76,18,0,1.43,1.43,1.43,MB
28,77,19,0,1.43,1.43,1.43,0
28,78,20,0,1.43,1.43,1.43,KR
28,81,21,0,1.43,1.43,1.33,KR
28,82,22,0,1.43,1.43,1.27,KR
28,85,23,0,1.43,1.43,1.43,KR
28,86,24,0,1.43,1.43,1.34,MB
28,87,25,0,1.43,1.43,1.26,MB
28,88,26,0,1.43,1.43,1.43,KR
28,89,27,0,1.43,1.43,1.32,0
28,91,28,0,1.43,1.43,1.35,KB
28,92,29,0,1.43,1.43,1.26,KB
28,93,30,0,1.43,1.43,1.42,KB
28,94,31,0,0.9,0.89,1.43,KB
28,95,32,0,1.4,1.39,1.43,KR
28,96,33,0,1.43,1.43,1.43,KR
28,97,34,0,1.43,1.43,1.43,KR
28,98,35,0,1.41,1.41,1.43,KR
28,100,36,0,1.43,1.43,1.43,0
28,101,37,0,1.43,1.43,1.43,KR
28,102,38,0,1.43,1.43,1.43,KR
28,103,39,0,1.43,1.43,1.43,KR
28,104,40,0,1.43,1.43,1.43,KB
28,105,41,0,1.43,1.43,1.43,KB
28,106,42,0,1.43,1.43,1.04,KB
28,109,43,0,1.43,1.43,1.61,KR
28,110,44,0,1.43,1.43,1.35,KB
28,112,45,0,0.88,1.27,1.26,KB
28,113,46,0,1.43,1.43,1.26,KB
28,114,47,0,1.43,1.43,1.34,MB
28,117,48,0,1.43,0.91,1.26,KR
28,119,49,0,1.43,1.43,1.26,MB
28,121,50,0,1.43,1.43,1.26,MB
28,122,51,0,1.43,1.43,1.26,0
28,123,52,0,1.43,1.43,1.26,KR
28,127,53,0,1.43,1.43,1.18,MB
28,128,54,0,1.43,1.43,1.26,MB
28,130,55,0,1.43,1.43,1.14,MB
28,131,56,0,1.47,1.43,1.19,KR
28,132,57,0,1.47,1.43,1.03,MB
28,133,58,0,1.47,1.43,1.17,MB
28,134,59,0,1.47,1.43,1.23,KB
28,138,60,0,1.47,1.43,1.24,KB
28,139,61,0,1.47,1.43,1.34,MB
28,140,62,0,1.47,1.43,1.11,MB
28,141,63,0,1.47,1.43,1.37,MB
28,142,64,0,1.47,1.43,1.37,MB
28,143,65,0,1.47,1.43,1.35,MB
28,144,66,0,1.47,1.43,1.08,MB
28,145,67,0,1.47,1.43,1.42,KB
28,146,68,0,1.47,1.43,1.33,KB
28,147,69,0,1.47,1.21,1.3,KR
28,149,70,0,1.21,1.43,1.29,0
28,150,71,0,1.42,1.43,1.27,0
28,152,72,0,1.47,1.43,1.06,MB
28,154,73,0,1.47,1.43,1.08,MB
29,87,1,0,1.43,1.43,1.26,0
29,107,2,0,1.43,0.9,1.39,0
29,110,3,0,1.43,1.43,1.35,MB
29,117,4,0,1.43,0.91,1.26,0
29,137,5,0,1.47,1.43,1.21,0
29,150,6,0,1.42,1.43,1.27,0
29,152,7,0,1.47,1.43,1.06,0
30,6,1,0,1.43,1.4,1.61,0
31,37,1,0,1.43,1.43,1.65,KR
31,42,2,0,1.43,1.43,99,KR
31,61,3,0,1.21,1.43,99,0
31,62,4,0,1.43,1.43,99,0
31,67,5,0,1.43,1.21,99,KR
31,71,6,0,1.21,1.43,1.43,0
31,75,7,0,1.43,1.43,1.43,MB
31,83,8,0,1.43,1.43,1.43,0
31,85,9,0,1.43,1.43,1.43,MB
31,94,10,0,0.9,0.89,1.43,KR
31,97,11,0,1.43,1.43,1.43,0
31,107,12,0,1.43,0.9,1.39,KR
31,112,13,0,0.88,1.27,1.26,KR
31,113,14,0,1.43,1.43,1.26,MB
31,114,15,0,1.43,1.43,1.34,MB
31,123,16,0,1.43,1.43,1.26,MB
31,129,17,0,0.88,1.43,1.26,KR
31,132,18,0,1.47,1.43,1.03,MB
31,152,19,0,1.47,1.43,1.06,KR
31,155,20,0,1.47,1.43,1.31,KR
32,94,1,0,0.9,0.89,1.43,KR
33,52,1,0,1.43,1.43,99,0
33,66,2,0,1.43,1.21,99,0
33,68,3,0,1.43,1.43,99,0
34,29,1,0,0.9,1.43,1.65,KR
34,56,2,0,1.43,1.43,99,0
34,90,3,0,1.43,1.43,1.23,0
35,6,1,0,1.43,1.4,1.61,KB
35,8,2,0,1.43,1.43,1.23,KB
35,9,3,0,1.43,1.43,1.47,KB
35,17,4,0,1.28,1.43,1.25,KB
35,19,5,0,1.43,1.43,1.25,0
35,22,6,0,1.43,1.43,1.25,0
35,27,7,0,1.43,1.43,1.65,0
35,31,8,0,1.43,0.88,1.65,KR
35,33,9,0,0.93,1.43,1.65,KB
35,39,10,0,1.43,1.28,99,0
35,40,11,0,1.43,0.88,99,KR
35,47,12,0,0.98,1.43,99,KB
35,54,13,0,1.43,1.43,99,0
35,55,14,0,1.43,1.43,99,0
35,60,15,0,1.21,1.43,99,KB
35,61,16,0,1.21,1.43,99,KB
35,80,17,0,1.43,1.43,1.25,0
35,87,18,0,1.43,1.43,1.26,MB
35,92,19,0,1.43,1.43,1.26,MB
35,93,20,0,1.43,1.43,1.42,KR
35,102,21,0,1.43,1.43,1.43,KB
35,106,22,0,1.43,1.43,1.04,KR
35,111,23,0,1.21,1.43,1.1,MB
35,112,24,0,0.88,1.27,1.26,KB
35,114,25,0,1.43,1.43,1.34,MB
35,117,26,0,1.43,0.91,1.26,KR
35,118,27,0,1.43,1.43,1.26,MB
35,122,28,0,1.43,1.43,1.26,0
35,123,29,0,1.43,1.43,1.26,MB
35,124,30,0,1.43,1.43,1.35,MB
35,128,31,0,1.43,1.43,1.26,MB
35,137,32,0,1.47,1.43,1.21,KR
35,140,33,0,1.47,1.43,1.11,MB
35,141,34,0,1.47,1.43,1.37,MB
35,143,35,0,1.47,1.43,1.35,MB
35,144,36,0,1.47,1.43,1.08,MB
35,148,37,0,1.47,1.43,1.47,MB
35,149,38,0,1.21,1.43,1.29,KB
35,152,39,0,1.47,1.43,1.06,MB
35,153,40,0,1.47,1.43,1.27,MB
35,154,41,0,1.47,1.43,1.08,MB
36,24,1,0,1.43,1.43,1.65,0
36,45,2,0,0.89,1.43,99,KB
36,66,3,0,1.43,1.21,99,0
36,79,4,0,1.43,1.43,1.33,0
37,12,1,0,1.43,1.43,1.65,0
38,20,1,0,1.43,1.43,1.25,MB
38,21,2,0,1.43,1.43,1.25,MB
38,106,3,0,1.43,1.43,1.04,KR
39,36,1,0,1.43,1.43,1.65,0
39,40,2,0,1.43,0.88,99,0
39,44,3,0,1.28,1.43,99,KB
39,46,4,0,1.43,1.43,99,KB
39,56,5,0,1.43,1.43,99,KB
39,60,6,0,1.21,1.43,99,KB
39,64,7,0,1.43,1.43,99,KB
39,71,8,0,1.21,1.43,1.43,KB
39,94,9,0,0.9,0.89,1.43,KB
39,106,10,0,1.43,1.43,1.04,0
39,107,11,0,1.43,0.9,1.39,KB
39,108,12,0,1.43,1.43,1.43,KB
39,111,13,0,1.21,1.43,1.1,KB
39,121,14,0,1.43,1.43,1.26,KB
39,140,15,0,1.47,1.43,1.11,KB
39,149,16,0,1.21,1.43,1.29,KB
39,150,17,0,1.42,1.43,1.27,0
39,152,18,0,1.47,1.43,1.06,0
39,153,19,0,1.47,1.43,1.27,KB
40,6,1,0,1.43,1.4,1.61,KB
40,17,2,0,1.28,1.43,1.25,KR
40,42,3,0,1.43,1.43,99,KB
41,19,1,0,1.43,1.43,1.25,0
41,42,2,0,1.43,1.43,99,KB
41,96,3,0,1.43,1.43,1.43,0
41,128,4,0,1.43,1.43,1.26,0
42,26,1,0,1.43,1.43,1.65,KB
42,28,2,0,1.43,0.88,1.65,0
43,15,1,0,1.43,1.43,1.65,KB
43,58,2,0,1.43,1.43,99,KB
43,65,3,0,1.43,1.43,99,KB
43,88,4,0,1.43,1.43,1.43,KB
43,92,5,0,1.43,1.43,1.26,0
43,122,6,0,1.43,1.43,1.26,MB
43,129,7,0,0.88,1.43,1.26,0
43,132,8,0,1.47,1.43,1.03,MB
43,143,9,0,1.47,1.43,1.35,KB
44,45,1,0,0.89,1.43,99,KB
44,53,2,0,1.43,1.43,99,0
44,60,3,0,1.21,1.43,99,KB
44,63,4,0,1.43,1.43,99,0
45,68,1,0,1.43,1.43,99,KR
46,41,1,0,1.43,1.43,99,0
47,88,1,0,1.43,1.43,1.43,0
47,98,2,0,1.41,1.41,1.43,KB
47,99,3,0,1.43,1.43,1.43,MB
48,47,1,0,0.98,1.43,99,KB
48,109,2,0,1.43,1.43,1.61,0
48,115,3,0,1.43,1.43,1.26,KB
48,119,4,0,1.43,1.43,1.26,0
49,94,1,0,0.9,0.89,1.43,0
50,68,1,0,1.43,1.43,99,0
50,109,2,0,1.43,1.43,1.61,0
50,140,3,0,1.47,1.43,1.11,0
51,64,1,0,1.43,1.43,99,0
52,22,1,0,1.43,1.43,1.25,0
52,28,2,0,1.43,0.88,1.65,KR
52,64,3,0,1.43,1.43,99,0
52,107,4,0,1.43,0.9,1.39,KR
52,112,5,0,0.88,1.27,1.26,KB
52,120,6,0,1.43,1.43,1.26,KB
52,122,7,0,1.43,1.43,1.26,MB
52,140,8,0,1.47,1.43,1.11,MB
52,146,9,0,1.47,1.43,1.33,KR
52,149,10,0,1.21,1.43,1.29,KB
53,46,1,0,1.43,1.43,99,KB
53,53,2,0,1.43,1.43,99,0
54,33,1,0,0.93,1.43,1.65,KB
54,41,2,0,1.43,1.43,99,0
54,73,3,0,1.43,1.43,1.43,MB
54,109,4,0,1.43,1.43,1.61,0
54,117,5,0,1.43,0.91,1.26,0
54,129,6,0,0.88,1.43,1.26,KB
55,126,1,0,1.43,1.43,1.26,0
55,130,2,0,1.43,1.43,1.14,MB
55,155,3,0,1.47,1.43,1.31,KB
55,156,4,0,1.47,1.43,1.39,KB
56,75,1,0,1.43,1.43,1.43,0
56,94,2,0,0.9,0.89,1.43,KB
57,39,1,0,1.43,1.28,99,0
57,59,2,0,1.21,1.43,99,KB
57,68,3,0,1.43,1.43,99,KR
58,108,1,0,1.43,1.43,1.43,0
59,18,1,0,0.88,0.88,1.25,KB
59,42,2,0,1.43,1.43,99,0
59,59,3,0,1.21,1.43,99,0
60,15,1,0,1.43,1.43,1.65,0
60,21,2,0,1.43,1.43,1.25,MB
61,3,1,0,1.43,1.43,1.61,0
61,22,2,0,1.43,1.43,1.25,0
61,29,3,0,0.9,1.43,1.65,0
61,63,4,0,1.43,1.43,99,0
61,97,5,0,1.43,1.43,1.43,0
61,103,6,0,1.43,1.43,1.43,0
61,104,7,0,1.43,1.43,1.43,0
61,111,8,0,1.21,1.43,1.1,0
61,149,9,0,1.21,1.43,1.29,KB
61,151,10,0,1.47,1.43,1.29,0
61,153,11,0,1.47,1.43,1.27,0
62,122,1,0,1.43,1.43,1.26,MB
62,152,2,0,1.47,1.43,1.06,MB
63,76,1,0,1.43,1.43,1.43,0
64,37,1,0,1.43,1.43,1.65,0
64,45,2,0,0.89,1.43,99,KB
65,70,1,0,1.21,1.43,1.43,KB
65,76,2,0,1.43,1.43,1.43,KB
65,103,3,0,1.43,1.43,1.43,KB
65,111,4,0,1.21,1.43,1.1,KB
66,63,1,0,1.43,1.43,99,KR
66,99,2,0,1.43,1.43,1.43,0
66,107,3,0,1.43,0.9,1.39,KR
66,114,4,0,1.43,1.43,1.34,MB
66,128,5,0,1.43,1.43,1.26,0
66,144,6,0,1.47,1.43,1.08,MB
67,60,1,0,1.21,1.43,99,KB
67,63,2,0,1.43,1.43,99,KB
67,66,3,0,1.43,1.21,99,KB
68,1,1,0,1.43,0.89,1.21,KR
68,6,2,0,1.43,1.4,1.61,KR
68,22,3,0,1.43,1.43,1.25,KR
68,41,4,0,1.43,1.43,99,KR
68,62,5,0,1.43,1.43,99,KR
68,99,6,0,1.43,1.43,1.43,KR
68,120,7,0,1.43,1.43,1.26,KR
68,124,8,0,1.43,1.43,1.35,KR
68,128,9,0,1.43,1.43,1.26,KR
68,139,10,0,1.47,1.43,1.34,KR
68,142,11,0,1.47,1.43,1.37,KR
68,147,12,0,1.47,1.21,1.3,KR
68,152,13,0,1.47,1.43,1.06,KR
69,39,1,0,1.43,1.28,99,KR
69,45,2,0,0.89,1.43,99,KB
69,60,3,0,1.21,1.43,99,KB
69,67,4,0,1.43,1.21,99,KB
69,112,5,0,0.88,1.27,1.26,KB
69,129,6,0,0.88,1.43,1.26,KB
69,136,7,0,1.47,1.43,1.19,0
69,149,8,0,1.21,1.43,1.29,KB
70,97,1,0,1.43,1.43,1.43,0
71,35,1,0,1.43,1.43,1.65,0
71,48,2,0,1.43,1.43,99,KB
71,77,3,0,1.43,1.43,1.43,0
71,84,4,0,1.43,1.43,1.43,0
71,94,5,0,0.9,0.89,1.43,KB
71,111,6,0,1.21,1.43,1.1,MB
72,2,1,0,1.43,1.43,1.61,0
72,5,2,0,1.43,0.9,1.61,KR
72,31,3,0,1.43,0.88,1.65,KR
72,67,4,0,1.43,1.21,99,KR
72,107,5,0,1.43,0.9,1.39,KR
72,114,6,0,1.43,1.43,1.34,MB
72,122,7,0,1.43,1.43,1.26,0
72,137,8,0,1.47,1.43,1.21,0
73,32,1,0,1.28,1.43,1.65,0
73,35,2,0,1.43,1.43,1.65,0
73,36,3,0,1.43,1.43,1.65,0
73,63,4,0,1.43,1.43,99,0
73,76,5,0,1.43,1.43,1.43,0
74,70,1,0,1.21,1.43,1.43,0
74,140,2,0,1.47,1.43,1.11,0
75,18,1,0,0.88,0.88,1.25,KB
76,9,1,0,1.43,1.43,1.47,KR
76,21,2,0,1.43,1.43,1.25,0
76,26,3,0,1.43,1.43,1.65,0
76,38,4,0,1.43,1.43,99,0
76,42,5,0,1.43,1.43,99,0
76,96,6,0,1.43,1.43,1.43,0
76,113,7,0,1.43,1.43,1.26,0
76,118,8,0,1.43,1.43,1.26,0
76,121,9,0,1.43,1.43,1.26,MB
76,122,10,0,1.43,1.43,1.26,MB
76,124,11,0,1.43,1.43,1.35,MB
76,127,12,0,1.43,1.43,1.18,MB
76,128,13,0,1.43,1.43,1.26,MB
76,129,14,0,0.88,1.43,1.26,KB
76,130,15,0,1.43,1.43,1.14,MB
76,136,16,0,1.47,1.43,1.19,KR
76,140,17,0,1.47,1.43,1.11,MB
76,146,18,0,1.47,1.43,1.33,MB
76,148,19,0,1.47,1.43,1.47,MB
76,150,20,0,1.42,1.43,1.27,MB
76,153,21,0,1.47,1.43,1.27,MB
76,154,22,0,1.47,1.43,1.08,MB
77,137,1,0,1.47,1.43,1.21,0
78,47,1,0,0.98,1.43,99,KB
78,53,2,0,1.43,1.43,99,0
78,57,3,0,1.43,1.43,99,0
78,59,4,0,1.21,1.43,99,0
78,76,5,0,1.43,1.43,1.43,0
79,70,1,0,1.21,1.43,1.43,0
79,88,2,0,1.43,1.43,1.43,0
80,122,1,0,1.43,1.43,1.26,0
80,126,2,0,1.43,1.43,1.26,0
80,131,3,0,1.47,1.43,1.19,MB
80,141,4,0,1.47,1.43,1.37,0
80,143,5,0,1.47,1.43,1.35,0
81,7,1,0,1.43,1.41,1.23,KB
81,12,2,0,1.43,1.43,1.65,KB
81,31,3,0,1.43,0.88,1.65,KB
81,45,4,0,0.89,1.43,99,0
81,64,5,0,1.43,1.43,99,0
81,70,6,0,1.21,1.43,1.43,0
81,74,7,0,1.43,1.43,1.43,0
81,80,8,0,1.43,1.43,1.25,0
81,133,9,0,1.47,1.43,1.17,KB
81,139,10,0,1.47,1.43,1.34,KB
81,147,11,0,1.47,1.21,1.3,KR
82,62,1,0,1.43,1.43,99,0
83,153,1,0,1.47,1.43,1.27,0
84,111,1,0,1.21,1.43,1.1,MB
84,132,2,0,1.47,1.43,1.03,MB
85,8,1,0,1.43,1.43,1.23,0
85,20,2,0,1.43,1.43,1.25,0
85,22,3,0,1.43,1.43,1.25,0
85,23,4,0,1.43,1.43,1.65,KB
85,32,5,0,1.28,1.43,1.65,0
85,35,6,0,1.43,1.43,1.65,0
85,36,7,0,1.43,1.43,1.65,KB
85,37,8,0,1.43,1.43,1.65,KB
85,46,9,0,1.43,1.43,99,0
85,47,10,0,0.98,1.43,99,KB
85,52,11,0,1.43,1.43,99,KB
85,57,12,0,1.43,1.43,99,KB
85,63,13,0,1.43,1.43,99,0
85,71,14,0,1.21,1.43,1.43,KB
85,79,15,0,1.43,1.43,1.33,0
85,91,16,0,1.43,1.43,1.35,0
85,99,17,0,1.43,1.43,1.43,0
85,100,18,0,1.43,1.43,1.43,0
85,102,19,0,1.43,1.43,1.43,KB
86,5,1,0,1.43,0.9,1.61,KB
86,9,2,0,1.43,1.43,1.47,KB
86,11,3,0,1.43,1.43,1.61,KB
86,15,4,0,1.43,1.43,1.65,KB
86,19,5,0,1.43,1.43,1.25,KB
86,22,6,0,1.43,1.43,1.25,KB
86,26,7,0,1.43,1.43,1.65,KB
86,29,8,0,0.9,1.43,1.65,KB
86,31,9,0,1.43,0.88,1.65,KR
86,33,10,0,0.93,1.43,1.65,KB
86,37,11,0,1.43,1.43,1.65,KB
86,42,12,0,1.43,1.43,99,KR
86,45,13,0,0.89,1.43,99,KB
86,49,14,0,1.43,1.43,99,KB
86,60,15,0,1.21,1.43,99,KB
86,85,16,0,1.43,1.43,1.43,KB
86,94,17,0,0.9,0.89,1.43,KB
86,109,18,0,1.43,1.43,1.61,KB
86,112,19,0,0.88,1.27,1.26,KB
86,118,20,0,1.43,1.43,1.26,KB
86,134,21,0,1.47,1.43,1.23,KB
87,94,1,0,0.9,0.89,1.43,KR
88,87,1,0,1.43,1.43,1.26,0
88,92,2,0,1.43,1.43,1.26,0
88,103,3,0,1.43,1.43,1.43,0
88,110,4,0,1.43,1.43,1.35,KR
88,111,5,0,1.21,1.43,1.1,MB
88,112,6,0,0.88,1.27,1.26,MB
88,114,7,0,1.43,1.43,1.34,MB
88,127,8,0,1.43,1.43,1.18,0
88,135,9,0,1.47,1.43,1.23,0
88,150,10,0,1.42,1.43,1.27,0
88,155,11,0,1.47,1.43,1.31,0
89,86,1,0,1.43,1.43,1.34,0
89,87,2,0,1.43,1.43,1.26,0
89,88,3,0,1.43,1.43,1.43,0
89,89,4,0,1.43,1.43,1.32,0
89,114,5,0,1.43,1.43,1.34,MB
90,86,1,0,1.43,1.43,1.34,0
90,99,2,0,1.43,1.43,1.43,0
91,71,1,0,1.21,1.43,1.43,KB
91,96,2,0,1.43,1.43,1.43,0
91,111,3,0,1.21,1.43,1.1,MB
91,112,4,0,0.88,1.27,1.26,KB
91,126,5,0,1.43,1.43,1.26,0
92,55,1,0,1.43,1.43,99,0
92,103,2,0,1.43,1.43,1.43,0
93,81,1,0,1.43,1.43,1.33,0
94,63,1,0,1.43,1.43,99,KR
95,86,1,0,1.43,1.43,1.34,0
95,139,2,0,1.47,1.43,1.34,MB
95,140,3,0,1.47,1.43,1.11,MB
95,142,4,0,1.47,1.43,1.37,MB
95,151,5,0,1.47,1.43,1.29,MB
96,118,1,0,1.43,1.43,1.26,MB
96,121,2,0,1.43,1.43,1.26,MB
96,126,3,0,1.43,1.43,1.26,MB
96,127,4,0,1.43,1.43,1.18,MB
97,32,1,0,1.28,1.43,1.65,0
97,40,2,0,1.43,0.88,99,KR
97,66,3,0,1.43,1.21,99,KR
97,67,4,0,1.43,1.21,99,KR
97,70,5,0,1.21,1.43,1.43,KR
97,71,6,0,1.21,1.43,1.43,KR
97,89,7,0,1.43,1.43,1.32,0
97,94,8,0,0.9,0.89,1.43,KR
97,100,9,0,1.43,1.43,1.43,KB
97,111,10,0,1.21,1.43,1.1,KB
97,113,11,0,1.43,1.43,1.26,MB
97,114,12,0,1.43,1.43,1.34,MB
97,117,13,0,1.43,0.91,1.26,KR
97,121,14,0,1.43,1.43,1.26,KR
97,124,15,0,1.43,1.43,1.35,KR
97,127,16,0,1.43,1.43,1.18,0
97,140,17,0,1.47,1.43,1.11,MB
97,147,18,0,1.47,1.21,1.3,KR
97,149,19,0,1.21,1.43,1.29,KR
97,155,20,0,1.47,1.43,1.31,KR
98,66,1,0,1.43,1.21,99,0
98,87,2,0,1.43,1.43,1.26,KB
98,112,3,0,0.88,1.27,1.26,0
98,128,4,0,1.43,1.43,1.26,0
98,135,5,0,1.47,1.43,1.23,0
98,140,6,0,1.47,1.43,1.11,0
99,87,1,0,1.43,1.43,1.26,0
99,112,2,0,0.88,1.27,1.26,KB
99,131,3,0,1.47,1.43,1.19,KB
99,133,4,0,1.47,1.43,1.17,KB
99,137,5,0,1.47,1.43,1.21,KB
99,150,6,0,1.42,1.43,1.27,MB
100,48,1,0,1.43,1.43,99,0
100,64,2,0,1.43,1.43,99,KR
100,75,3,0,1.43,1.43,1.43,0
101,37,1,0,1.43,1.43,1.65,0
102,38,1,0,1.43,1.43,99,0
102,60,2,0,1.21,1.43,99,KB
102,63,3,0,1.43,1.43,99,KB
102,64,4,0,1.43,1.43,99,0
102,75,5,0,1.43,1.43,1.43,0
102,81,6,0,1.43,1.43,1.33,0
102,95,7,0,1.4,1.39,1.43,0
102,101,8,0,1.43,1.43,1.43,0
102,103,9,0,1.43,1.43,1.43,0
102,120,10,0,1.43,1.43,1.26,0
103,45,1,0,0.89,1.43,99,0
103,54,2,0,1.43,1.43,99,0
103,61,3,0,1.21,1.43,99,0
104,54,1,0,1.43,1.43,99,0
105,58,1,0,1.43,1.43,99,0
106,52,1,0,1.43,1.43,99,0
106,54,2,0,1.43,1.43,99,0
106,61,3,0,1.21,1.43,99,0
106,65,4,0,1.43,1.43,99,0
106,73,5,0,1.43,1.43,1.43,0
106,74,6,0,1.43,1.43,1.43,0
106,93,7,0,1.43,1.43,1.42,0
106,102,8,0,1.43,1.43,1.43,0
106,105,9,0,1.43,1.43,1.43,0
106,106,10,0,1.43,1.43,1.04,0
106,113,11,0,1.43,1.43,1.26,0
106,114,12,0,1.43,1.43,1.34,0
106,116,13,0,1.43,1.43,1.26,0
106,117,14,0,1.43,0.91,1.26,0
106,119,15,0,1.43,1.43,1.26,0
106,128,16,0,1.43,1.43,1.26,0
106,129,17,0,0.88,1.43,1.26,0
106,140,18,0,1.47,1.43,1.11,MB
106,150,19,0,1.42,1.43,1.27,0
106,152,20,0,1.47,1.43,1.06,MB
106,153,21,0,1.47,1.43,1.27,MB
107,114,1,0,1.43,1.43,1.34,MB
107,156,2,0,1.47,1.43,1.39,MB
108,124,1,0,1.43,1.43,1.35,MB
108,135,2,0,1.47,1.43,1.23,0
108,143,3,0,1.47,1.43,1.35,MB
108,148,4,0,1.47,1.43,1.47,MB
108,150,5,0,1.42,1.43,1.27,0
108,152,6,0,1.47,1.43,1.06,MB
109,50,1,0,1.43,1.43,99,0
109,121,2,0,1.43,1.43,1.26,MB
109,136,3,0,1.47,1.43,1.19,0
109,145,4,0,1.47,1.43,1.42,MB
109,151,5,0,1.47,1.43,1.29,MB
110,48,1,0,1.43,1.43,99,KB
110,52,2,0,1.43,1.43,99,KB
110,70,3,0,1.21,1.43,1.43,KB
110,72,4,0,1.43,1.43,1.43,MB
111,62,1,0,1.43,1.43,99,0
112,61,1,0,1.21,1.43,99,KB
113,48,1,0,1.43,1.43,99,KB
113,71,2,0,1.21,1.43,1.43,KB
113,78,3,0,1.43,1.43,1.43,0
113,99,4,0,1.43,1.43,1.43,KB
114,61,1,0,1.21,1.43,99,0
114,62,2,0,1.43,1.43,99,0
115,52,1,0,1.43,1.43,99,0
115,55,2,0,1.43,1.43,99,0
115,78,3,0,1.43,1.43,1.43,0
115,130,4,0,1.43,1.43,1.14,MB
115,139,5,0,1.47,1.43,1.34,MB
115,147,6,0,1.47,1.21,1.3,0
116,61,1,0,1.21,1.43,99,KB
117,114,1,0,1.43,1.43,1.34,MB
117,116,2,0,1.43,1.43,1.26,KR
117,118,3,0,1.43,1.43,1.26,MB
117,120,4,0,1.43,1.43,1.26,KB
117,125,5,0,1.43,1.43,1.26,KB
117,128,6,0,1.43,1.43,1.26,KB
117,129,7,0,0.88,1.43,1.26,KB
117,135,8,0,1.47,1.43,1.23,KB
117,139,9,0,1.47,1.43,1.34,KB
117,146,10,0,1.47,1.43,1.33,KR
117,150,11,0,1.42,1.43,1.27,KR
118,141,1,0,1.47,1.43,1.37,0
119,56,1,0,1.43,1.43,99,0
119,72,2,0,1.43,1.43,1.43,MB
119,74,3,0,1.43,1.43,1.43,MB
119,94,4,0,0.9,0.89,1.43,KB
120,59,1,0,1.21,1.43,99,KB
120,61,2,0,1.21,1.43,99,KR
121,76,1,0,1.43,1.43,1.43,KB
122,81,1,0,1.43,1.43,1.33,0
123,70,1,0,1.21,1.43,1.43,0
123,71,2,0,1.21,1.43,1.43,KB
123,97,3,0,1.43,1.43,1.43,0
123,101,4,0,1.43,1.43,1.43,0
123,129,5,0,0.88,1.43,1.26,0
123,131,6,0,1.47,1.43,1.19,0
124,111,1,0,1.21,1.43,1.1,KR
125,71,1,0,1.21,1.43,1.43,KB
125,74,2,0,1.43,1.43,1.43,KB
125,93,3,0,1.43,1.43,1.42,0
125,120,4,0,1.43,1.43,1.26,KR
125,123,5,0,1.43,1.43,1.26,KR
125,146,6,0,1.47,1.43,1.33,0
125,151,7,0,1.47,1.43,1.29,KR
126,54,1,0,1.43,1.43,99,KB
126,60,2,0,1.21,1.43,99,KB
126,78,3,0,1.43,1.43,1.43,KB
126,98,4,0,1.41,1.41,1.43,KB
126,100,5,0,1.43,1.43,1.43,KB
127,71,1,0,1.21,1.43,1.43,0
127,90,2,0,1.43,1.43,1.23,0
127,91,3,0,1.43,1.43,1.35,0
127,112,4,0,0.88,1.27,1.26,0
127,118,5,0,1.43,1.43,1.26,0
127,121,6,0,1.43,1.43,1.26,0
128,126,1,0,1.43,1.43,1.26,MB
129,71,1,0,1.21,1.43,1.43,KB
129,86,2,0,1.43,1.43,1.34,0
129,98,3,0,1.41,1.41,1.43,MB
129,104,4,0,1.43,1.43,1.43,0
129,107,5,0,1.43,0.9,1.39,KR
129,109,6,0,1.43,1.43,1.61,0
129,112,7,0,0.88,1.27,1.26,KB
129,114,8,0,1.43,1.43,1.34,MB
129,122,9,0,1.43,1.43,1.26,MB
129,124,10,0,1.43,1.43,1.35,MB
129,130,11,0,1.43,1.43,1.14,MB
129,141,12,0,1.47,1.43,1.37,0
130,96,1,0,1.43,1.43,1.43,0
130,114,2,0,1.43,1.43,1.34,MB
131,77,1,0,1.43,1.43,1.43,MB
131,81,2,0,1.43,1.43,1.33,KR
131,84,3,0,1.43,1.43,1.43,0
131,110,4,0,1.43,1.43,1.35,KR
132,131,1,0,1.47,1.43,1.19,MB
132,136,2,0,1.47,1.43,1.19,0
133,86,1,0,1.43,1.43,1.34,MB
134,74,1,0,1.43,1.43,1.43,0
135,75,1,0,1.43,1.43,1.43,0
135,89,2,0,1.43,1.43,1.32,0
135,111,3,0,1.21,1.43,1.1,MB
135,115,4,0,1.43,1.43,1.26,0
135,127,5,0,1.43,1.43,1.18,MB
135,130,6,0,1.43,1.43,1.14,MB
135,149,7,0,1.21,1.43,1.29,KB
135,152,8,0,1.47,1.43,1.06,MB
136,78,1,0,1.43,1.43,1.43,0
137,102,1,0,1.43,1.43,1.43,0
138,130,1,0,1.43,1.43,1.14,KR
139,118,1,0,1.43,1.43,1.26,0
139,150,2,0,1.42,1.43,1.27,0
140,112,1,0,0.88,1.27,1.26,KR
141,107,1,0,1.43,0.9,1.39,0
141,114,2,0,1.43,1.43,1.34,MB
142,103,1,0,1.43,1.43,1.43,0
143,87,1,0,1.43,1.43,1.26,0
143,90,2,0,1.43,1.43,1.23,0
143,126,3,0,1.43,1.43,1.26,0
143,134,4,0,1.47,1.43,1.23,0
143,149,5,0,1.21,1.43,1.29,0
144,80,1,0,1.43,1.43,1.25,0
145,82,1,0,1.43,1.43,1.27,0
146,96,1,0,1.43,1.43,1.43,KB
146,108,2,0,1.43,1.43,1.43,MB
146,114,3,0,1.43,1.43,1.34,MB
146,134,4,0,1.47,1.43,1.23,MB
147,80,1,0,1.43,1.43,1.25,0
148,90,1,0,1.43,1.43,1.23,0
148,91,2,0,1.43,1.43,1.35,0
148,106,3,0,1.43,1.43,1.04,KB
148,110,4,0,1.43,1.43,1.35,MB
148,112,5,0,0.88,1.27,1.26,MB
148,114,6,0,1.43,1.43,1.34,0
148,127,7,0,1.43,1.43,1.18,0
148,140,8,0,1.47,1.43,1.11,MB
148,141,9,0,1.47,1.43,1.37,0
148,153,10,0,1.47,1.43,1.27,0
149,109,1,0,1.43,1.43,1.61,0
149,153,2,0,1.47,1.43,1.27,0
149,156,3,0,1.47,1.43,1.39,MB
150,97,1,0,1.43,1.43,1.43,KR
151,112,1,0,0.88,1.27,1.26,MB
151,128,2,0,1.43,1.43,1.26,KB
151,131,3,0,1.47,1.43,1.19,MB
151,132,4,0,1.47,1.43,1.03,KB
151,133,5,0,1.47,1.43,1.17,KB
151,137,6,0,1.47,1.43,1.21,KB
152,91,1,0,1.43,1.43,1.35,0
152,105,2,0,1.43,1.43,1.43,KR
152,110,3,0,1.43,1.43,1.35,KR
152,117,4,0,1.43,0.91,1.26,KR
152,120,5,0,1.43,1.43,1.26,KR
152,129,6,0,0.88,1.43,1.26,KR
152,135,7,0,1.47,1.43,1.23,KR
152,141,8,0,1.47,1.43,1.37,KR
152,142,9,0,1.47,1.43,1.37,KR
152,143,10,0,1.47,1.43,1.35,KR
152,147,11,0,1.47,1.21,1.3,KR
152,149,12,0,1.21,1.43,1.29,KR
152,152,13,0,1.47,1.43,1.06,KR
152,153,14,0,1.47,1.43,1.27,KR
152,156,15,0,1.47,1.43,1.39,KR
153,100,1,0,1.43,1.43,1.43,0
153,109,2,0,1.43,1.43,1.61,0
153,112,3,0,0.88,1.27,1.26,0
153,118,4,0,1.43,1.43,1.26,0
153,127,5,0,1.43,1.43,1.18,0
153,136,6,0,1.47,1.43,1.19,0
153,139,7,0,1.47,1.43,1.34,0
154,120,1,0,1.43,1.43,1.26,KR
155,114,1,0,1.43,1.43,1.34,0
155,125,2,0,1.43,1.43,1.26,0
155,153,3,0,1.47,1.43,1.27,0
156,113,1,0,1.43,1.43,1.26,KB
156,114,2,0,1.43,1.43,1.34,MB
157,121,1,0,1.43,1.43,1.26,MB
158,104,1,0,1.43,1.43,1.43,0
158,108,2,0,1.43,1.43,1.43,0
158,110,3,0,1.43,1.43,1.35,0
158,114,4,0,1.43,1.43,1.34,MB
158,127,5,0,1.43,1.43,1.18,0
158,132,6,0,1.47,1.43,1.03,MB
158,152,7,0,1.47,1.43,1.06,0
158,153,8,0,1.47,1.43,1.27,MB
159,113,1,0,1.43,1.43,1.26,MB
159,132,2,0,1.47,1.43,1.03,MB
160,103,1,0,1.43,1.43,1.43,0
161,107,1,0,1.43,0.9,1.39,MB
161,108,2,0,1.43,1.43,1.43,0
161,121,3,0,1.43,1.43,1.26,0
161,124,4,0,1.43,1.43,1.35,MB
161,125,5,0,1.43,1.43,1.26,KR
162,100,1,0,1.43,1.43,1.43,0
163,107,1,0,1.43,0.9,1.39,KR
163,111,2,0,1.21,1.43,1.1,KB
164,134,1,0,1.47,1.43,1.23,MB
164,148,2,0,1.47,1.43,1.47,MB
165,29,1,0,0.9,1.43,1.65,KB
165,70,2,0,1.21,1.43,1.43,0
165,81,3,0,1.43,1.43,1.33,KB
165,84,4,0,1.43,1.43,1.43,KB
165,86,5,0,1.43,1.43,1.34,KB
165,106,6,0,1.43,1.43,1.04,KB
165,108,7,0,1.43,1.43,1.43,KR
165,152,8,0,1.47,1.43,1.06,0
166,107,1,0,1.43,0.9,1.39,KR
167,13,1,0,1.43,1.43,1.65,KB
167,86,2,0,1.43,1.43,1.34,0
167,103,3,0,1.43,1.43,1.43,0
168,8,1,0,1.43,1.43,1.23,KB
168,36,2,0,1.43,1.43,1.65,KR
168,135,3,0,1.47,1.43,1.23,0
169,146,1,0,1.47,1.43,1.33,0
170,79,1,0,1.43,1.43,1.33,0
170,80,2,0,1.43,1.43,1.25,0
171,76,1,0,1.43,1.43,1.43,0
172,29,1,0,0.9,1.43,1.65,KR
172,46,2,0,1.43,1.43,99,KR
172,48,3,0,1.43,1.43,99,KB
172,127,4,0,1.43,1.43,1.18,0
172,152,5,0,1.47,1.43,1.06,MB
173,34,1,0,1.43,1.43,1.65,0
173,38,2,0,1.43,1.43,99,0
173,40,3,0,1.43,0.88,99,KR
173,41,4,0,1.43,1.43,99,0
173,44,5,0,1.28,1.43,99,0
173,53,6,0,1.43,1.43,99,0
173,58,7,0,1.43,1.43,99,0
173,63,8,0,1.43,1.43,99,0
173,66,9,0,1.43,1.21,99,0
174,9,1,0,1.43,1.43,1.47,0
174,75,2,0,1.43,1.43,1.43,0
174,114,3,0,1.43,1.43,1.34,MB
174,115,4,0,1.43,1.43,1.26,0
174,132,5,0,1.47,1.43,1.03,MB
174,143,6,0,1.47,1.43,1.35,0
175,48,1,0,1.43,1.43,99,KB
175,62,2,0,1.43,1.43,99,KB
175,79,3,0,1.43,1.43,1.33,0
175,83,4,0,1.43,1.43,1.43,0
175,89,5,0,1.43,1.43,1.32,0
175,96,6,0,1.43,1.43,1.43,0
175,110,7,0,1.43,1.43,1.35,MB
175,111,8,0,1.21,1.43,1.1,MB
175,112,9,0,0.88,1.27,1.26,MB
175,114,10,0,1.43,1.43,1.34,MB
175,118,11,0,1.43,1.43,1.26,MB
175,119,12,0,1.43,1.43,1.26,MB
175,123,13,0,1.43,1.43,1.26,MB
175,124,14,0,1.43,1.43,1.35,MB
175,128,15,0,1.43,1.43,1.26,MB
175,129,16,0,0.88,1.43,1.26,MB
175,130,17,0,1.43,1.43,1.14,MB
175,134,18,0,1.47,1.43,1.23,MB
175,136,19,0,1.47,1.43,1.19,MB
175,137,20,0,1.47,1.43,1.21,MB
175,145,21,0,1.47,1.43,1.42,MB
175,146,22,0,1.47,1.43,1.33,MB
175,147,23,0,1.47,1.21,1.3,MB
175,149,24,0,1.21,1.43,1.29,MB
175,152,25,0,1.47,1.43,1.06,MB
176,33,1,0,0.93,1.43,1.65,0
177,18,1,0,0.88,0.88,1.25,0
177,22,2,0,1.43,1.43,1.25,0
177,90,3,0,1.43,1.43,1.23,0
177,106,4,0,1.43,1.43,1.04,0
177,113,5,0,1.43,1.43,1.26,MB
177,125,6,0,1.43,1.43,1.26,0
177,132,7,0,1.47,1.43,1.03,MB
177,137,8,0,1.47,1.43,1.21,0
177,146,9,0,1.47,1.43,1.33,MB
178,10,1,0,0.88,1.4,1.61,0
178,42,2,0,1.43,1.43,99,0
178,91,3,0,1.43,1.43,1.35,0
178,126,4,0,1.43,1.43,1.26,0
178,128,5,0,1.43,1.43,1.26,0
178,138,6,0,1.47,1.43,1.24,0
179,57,1,0,1.43,1.43,99,0
179,156,2,0,1.47,1.43,1.39,MB
180,129,1,0,0.88,1.43,1.26,KB
180,133,2,0,1.47,1.43,1.17,KB
180,135,3,0,1.47,1.43,1.23,KB
181,1,1,0,1.43,0.89,1.21,0
181,4,2,0,1.43,1.28,1.61,0
181,5,3,0,1.43,0.9,1.61,0
181,11,4,0,1.43,1.43,1.61,0
181,12,5,0,1.43,1.43,1.65,0
181,14,6,0,1.43,1.43,1.65,0
181,19,7,0,1.43,1.43,1.25,0
181,23,8,0,1.43,1.43,1.65,0
181,30,9,0,1.43,1.28,1.65,0
181,32,10,0,1.28,1.43,1.65,0
181,34,11,0,1.43,1.43,1.65,0
181,40,12,0,1.43,0.88,99,0
181,44,13,0,1.28,1.43,99,0
181,50,14,0,1.43,1.43,99,0
181,51,15,0,1.43,1.43,99,0
181,60,16,0,1.21,1.43,99,0
181,63,17,0,1.43,1.43,99,0
181,66,18,0,1.43,1.21,99,0
181,81,19,0,1.43,1.43,1.33,0
181,84,20,0,1.43,1.43,1.43,0
181,93,21,0,1.43,1.43,1.42,0
181,95,22,0,1.4,1.39,1.43,0
181,100,23,0,1.43,1.43,1.43,0
181,108,24,0,1.43,1.43,1.43,0
181,119,25,0,1.43,1.43,1.26,0
181,129,26,0,0.88,1.43,1.26,0
181,143,27,0,1.47,1.43,1.35,0
182,112,1,0,0.88,1.27,1.26,KB
182,117,2,0,1.43,0.91,1.26,KB
183,81,1,0,1.43,1.43,1.33,KR
183,124,2,0,1.43,1.43,1.35,MB
184,16,1,0,1.43,1.43,1.25,0
185,115,1,0,1.43,1.43,1.26,KB
186,40,1,0,1.43,0.88,99,KR
186,77,2,0,1.43,1.43,1.43,KR
186,113,3,0,1.43,1.43,1.26,KR
187,9,1,0,1.43,1.43,1.47,0
188,83,1,0,1.43,1.43,1.43,KB
188,97,2,0,1.43,1.43,1.43,KB
188,129,3,0,0.88,1.43,1.26,KB
189,10,1,0,0.88,1.4,1.61,KR
189,42,2,0,1.43,1.43,99,KR
189,44,3,0,1.28,1.43,99,KR
189,64,4,0,1.43,1.43,99,KR
189,97,5,0,1.43,1.43,1.43,KR
189,106,6,0,1.43,1.43,1.04,KR
189,116,7,0,1.43,1.43,1.26,KR
189,125,8,0,1.43,1.43,1.26,KR
189,131,9,0,1.47,1.43,1.19,KR
189,142,10,0,1.47,1.43,1.37,KR
190,55,1,0,1.43,1.43,99,0
190,92,2,0,1.43,1.43,1.26,0
191,18,1,0,0.88,0.88,1.25,0
191,55,2,0,1.43,1.43,99,0
191,80,3,0,1.43,1.43,1.25,0
192,23,1,0,1.43,1.43,1.65,0
192,36,2,0,1.43,1.43,1.65,0
192,79,3,0,1.43,1.43,1.33,0
192,81,4,0,1.43,1.43,1.33,0
192,112,5,0,0.88,1.27,1.26,0
192,149,6,0,1.21,1.43,1.29,0
193,94,1,0,0.9,0.89,1.43,KR
194,3,1,0,1.43,1.43,1.61,KR
194,32,2,0,1.28,1.43,1.65,0
195,90,1,0,1.43,1.43,1.23,0
196,17,1,0,1.28,1.43,1.25,0
196,18,2,0,0.88,0.88,1.25,KB
196,28,3,0,1.43,0.88,1.65,KR
196,29,4,0,0.9,1.43,1.65,KB
196,32,5,0,1.28,1.43,1.65,0
196,33,6,0,0.93,1.43,1.65,0
196,36,7,0,1.43,1.43,1.65,0
196,47,8,0,0.98,1.43,99,0
196,55,9,0,1.43,1.43,99,0
196,67,10,0,1.43,1.21,99,KR
196,71,11,0,1.21,1.43,1.43,KB
196,77,12,0,1.43,1.43,1.43,0
196,79,13,0,1.43,1.43,1.33,0
196,81,14,0,1.43,1.43,1.33,0
196,86,15,0,1.43,1.43,1.34,0
196,94,16,0,0.9,0.89,1.43,KB
196,95,17,0,1.4,1.39,1.43,0
196,111,18,0,1.21,1.43,1.1,MB
196,112,19,0,0.88,1.27,1.26,KB
196,114,20,0,1.43,1.43,1.34,MB
196,116,21,0,1.43,1.43,1.26,0
196,117,22,0,1.43,0.91,1.26,0
196,127,23,0,1.43,1.43,1.18,0
196,137,24,0,1.47,1.43,1.21,0
196,142,25,0,1.47,1.43,1.37,0
197,98,1,0,1.41,1.41,1.43,0
197,102,2,0,1.43,1.43,1.43,0
197,108,3,0,1.43,1.43,1.43,0
197,113,4,0,1.43,1.43,1.26,0
197,117,5,0,1.43,0.91,1.26,MB
198,40,1,0,1.43,0.88,99,KR
198,44,2,0,1.28,1.43,99,KR
199,38,1,0,1.43,1.43,99,0
199,41,2,0,1.43,1.43,99,0
199,59,3,0,1.21,1.43,99,0
199,73,4,0,1.43,1.43,1.43,0
199,83,5,0,1.43,1.43,1.43,0
199,88,6,0,1.43,1.43,1.43,0
200,2,1,0,1.43,1.43,1.61,0
200,73,2,0,1.43,1.43,1.43,0
200,82,3,0,1.43,1.43,1.27,0
200,88,4,0,1.43,1.43,1.43,0
200,138,5,0,1.47,1.43,1.24,0
201,16,1,0,1.43,1.43,1.25,0
201,114,2,0,1.43,1.43,1.34,MB
201,123,3,0,1.43,1.43,1.26,MB
201,131,4,0,1.47,1.43,1.19,KB
202,43,1,0,1.43,1.43,99,0
203,51,1,0,1.43,1.43,99,0
204,82,1,0,1.43,1.43,1.27,MB
204,94,2,0,0.9,0.89,1.43,0
205,90,1,0,1.43,1.43,1.23,KR
206,122,1,0,1.43,1.43,1.26,0
207,1,1,0,1.43,0.89,1.21,0
208,1,1,0,1.43,0.89,1.21,MB
208,2,2,0,1.43,1.43,1.61,KR
208,8,3,0,1.43,1.43,1.23,KR
208,33,4,0,0.93,1.43,1.65,0
208,151,5,0,1.47,1.43,1.29,0
209,68,1,0,1.43,1.43,99,0
209,78,2,0,1.43,1.43,1.43,0
209,98,3,0,1.41,1.41,1.43,0
209,124,4,0,1.43,1.43,1.35,0
209,139,5,0,1.47,1.43,1.34,0
210,4,1,0,1.43,1.28,1.61,0
210,60,2,0,1.21,1.43,99,0
211,112,1,0,0.88,1.27,1.26,MB
211,119,2,0,1.43,1.43,1.26,0
211,122,3,0,1.43,1.43,1.26,MB
211,134,4,0,1.47,1.43,1.23,KB
211,149,5,0,1.21,1.43,1.29,0
212,127,1,0,1.43,1.43,1.18,0
213,19,1,0,1.43,1.43,1.25,0
214,29,1,0,0.9,1.43,1.65,KB
214,104,2,0,1.43,1.43,1.43,KB
215,101,1,0,1.43,1.43,1.43,0
216,3,1,0,1.43,1.43,1.61,KR
216,5,2,0,1.43,0.9,1.61,KR
216,8,3,0,1.43,1.43,1.23,KR
216,10,4,0,0.88,1.4,1.61,KR
216,13,5,0,1.43,1.43,1.65,KR
216,15,6,0,1.43,1.43,1.65,KR
216,18,7,0,0.88,0.88,1.25,KB
216,25,8,0,1.43,1.43,1.65,KR
216,29,9,0,0.9,1.43,1.65,KB
216,31,10,0,1.43,0.88,1.65,KR
216,37,11,0,1.43,1.43,1.65,KR
216,39,12,0,1.43,1.28,99,KR
216,53,13,0,1.43,1.43,99,0
216,61,14,0,1.21,1.43,99,KB
216,66,15,0,1.43,1.21,99,KR
216,73,16,0,1.43,1.43,1.43,KR
216,77,17,0,1.43,1.43,1.43,KR
216,85,18,0,1.43,1.43,1.43,KR
216,87,19,0,1.43,1.43,1.26,KR
216,89,20,0,1.43,1.43,1.32,0
216,91,21,0,1.43,1.43,1.35,KR
216,95,22,0,1.4,1.39,1.43,KR
216,98,23,0,1.41,1.41,1.43,MB
216,147,24,0,1.47,1.21,1.3,KR
217,15,1,0,1.43,1.43,1.65,0
217,94,2,0,0.9,0.89,1.43,KR
217,110,3,0,1.43,1.43,1.35,MB
217,117,4,0,1.43,0.91,1.26,0
217,124,5,0,1.43,1.43,1.35,MB
217,147,6,0,1.47,1.21,1.3,0
217,151,7,0,1.47,1.43,1.29,MB
218,65,1,0,1.43,1.43,99,KR
218,67,2,0,1.43,1.21,99,KR
218,70,3,0,1.21,1.43,1.43,KR
218,72,4,0,1.43,1.43,1.43,KR
218,73,5,0,1.43,1.43,1.43,KR
218,74,6,0,1.43,1.43,1.43,KR
218,77,7,0,1.43,1.43,1.43,KR
218,78,8,0,1.43,1.43,1.43,KR
218,79,9,0,1.43,1.43,1.33,KR
218,82,10,0,1.43,1.43,1.27,KR
218,83,11,0,1.43,1.43,1.43,KR
218,84,12,0,1.43,1.43,1.43,KR
218,85,13,0,1.43,1.43,1.43,KR
218,92,14,0,1.43,1.43,1.26,KR
218,93,15,0,1.43,1.43,1.42,KR
218,94,16,0,0.9,0.89,1.43,KR
218,95,17,0,1.4,1.39,1.43,KR
218,97,18,0,1.43,1.43,1.43,KR
218,112,19,0,0.88,1.27,1.26,KR
219,112,1,0,0.88,1.27,1.26,0
219,113,2,0,1.43,1.43,1.26,0
220,27,1,0,1.43,1.43,1.65,KB
220,86,2,0,1.43,1.43,1.34,KB
220,117,3,0,1.43,0.91,1.26,KB
221,3,1,0,1.43,1.43,1.61,0
221,18,2,0,0.88,0.88,1.25,KB
221,45,3,0,0.89,1.43,99,KB
221,60,4,0,1.21,1.43,99,KB
221,67,5,0,1.43,1.21,99,KR
221,71,6,0,1.21,1.43,1.43,KB
221,122,7,0,1.43,1.43,1.26,MB
221,127,8,0,1.43,1.43,1.18,MB
221,132,9,0,1.47,1.43,1.03,MB
221,141,10,0,1.47,1.43,1.37,0
221,144,11,0,1.47,1.43,1.08,MB
221,154,12,0,1.47,1.43,1.08,MB
222,7,1,0,1.43,1.41,1.23,0
223,10,1,0,0.88,1.4,1.61,0
223,19,2,0,1.43,1.43,1.25,MB
223,39,3,0,1.43,1.28,99,0
223,58,4,0,1.43,1.43,99,0
223,66,5,0,1.43,1.21,99,0
223,70,6,0,1.21,1.43,1.43,0
223,75,7,0,1.43,1.43,1.43,0
223,113,8,0,1.43,1.43,1.26,MB
223,117,9,0,1.43,0.91,1.26,MB
223,118,10,0,1.43,1.43,1.26,MB
223,122,11,0,1.43,1.43,1.26,MB
223,139,12,0,1.47,1.43,1.34,MB
223,145,13,0,1.47,1.43,1.42,MB
223,149,14,0,1.21,1.43,1.29,MB
224,61,1,0,1.21,1.43,99,0
224,87,2,0,1.43,1.43,1.26,MB
225,73,1,0,1.43,1.43,1.43,0
225,108,2,0,1.43,1.43,1.43,KR
225,115,3,0,1.43,1.43,1.26,MB
225,144,4,0,1.47,1.43,1.08,MB
226,19,1,0,1.43,1.43,1.25,KB
226,65,2,0,1.43,1.43,99,0
226,68,3,0,1.43,1.43,99,KB
226,125,4,0,1.43,1.43,1.26,KB
226,128,5,0,1.43,1.43,1.26,KB
227,15,1,0,1.43,1.43,1.65,KB
227,36,2,0,1.43,1.43,1.65,KB
227,94,3,0,0.9,0.89,1.43,0
227,115,4,0,1.43,1.43,1.26,KR
227,127,5,0,1.43,1.43,1.18,KB
227,153,6,0,1.47,1.43,1.27,KB
228,20,1,0,1.43,1.43,1.25,KR
228,40,2,0,1.43,0.88,99,0
228,49,3,0,1.43,1.43,99,0
228,124,4,0,1.43,1.43,1.35,MB
229,62,1,0,1.43,1.43,99,0
230,122,1,0,1.43,1.43,1.26,MB
231,20,1,0,1.43,1.43,1.25,0
231,63,2,0,1.43,1.43,99,KR
231,83,3,0,1.43,1.43,1.43,0
231,111,4,0,1.21,1.43,1.1,MB
231,112,5,0,0.88,1.27,1.26,0
231,120,6,0,1.43,1.43,1.26,MB
231,125,7,0,1.43,1.43,1.26,MB
231,127,8,0,1.43,1.43,1.18,0
231,144,9,0,1.47,1.43,1.08,MB
232,26,1,0,1.43,1.43,1.65,KR
232,30,2,0,1.43,1.28,1.65,KR
232,64,3,0,1.43,1.43,99,KR
232,67,4,0,1.43,1.21,99,KB
232,71,5,0,1.21,1.43,1.43,KR
232,94,6,0,0.9,0.89,1.43,KR
232,124,7,0,1.43,1.43,1.35,KR
232,126,8,0,1.43,1.43,1.26,KR
233,2,1,0,1.43,1.43,1.61,0
233,59,2,0,1.21,1.43,99,0
233,111,3,0,1.21,1.43,1.1,KB
233,126,4,0,1.43,1.43,1.26,0
233,127,5,0,1.43,1.43,1.18,0
233,132,6,0,1.47,1.43,1.03,MB
233,141,7,0,1.47,1.43,1.37,0
233,153,8,0,1.47,1.43,1.27,0
234,26,1,0,1.43,1.43,1.65,0
234,30,2,0,1.43,1.28,1.65,0
234,47,3,0,0.98,1.43,99,0
234,56,4,0,1.43,1.43,99,0
234,57,5,0,1.43,1.43,99,0
234,63,6,0,1.43,1.43,99,0
234,76,7,0,1.43,1.43,1.43,0
234,124,8,0,1.43,1.43,1.35,MB
234,132,9,0,1.47,1.43,1.03,MB
234,146,10,0,1.47,1.43,1.33,0
234,147,11,0,1.47,1.21,1.3,0
234,152,12,0,1.47,1.43,1.06,MB
235,110,1,0,1.43,1.43,1.35,KR
236,63,1,0,1.43,1.43,99,0
236,80,2,0,1.43,1.43,1.25,0
236,94,3,0,0.9,0.89,1.43,KR
236,95,4,0,1.4,1.39,1.43,KR
236,104,5,0,1.43,1.43,1.43,0
236,107,6,0,1.43,0.9,1.39,0
236,113,7,0,1.43,1.43,1.26,0
236,115,8,0,1.43,1.43,1.26,0
236,153,9,0,1.47,1.43,1.27,0
236,156,10,0,1.47,1.43,1.39,0
237,31,1,0,1.43,0.88,1.65,KR
237,82,2,0,1.43,1.43,1.27,KB
238,96,1,0,1.43,1.43,1.43,0
238,98,2,0,1.41,1.41,1.43,0
239,110,1,0,1.43,1.43,1.35,MB
240,39,1,0,1.43,1.28,99,KB
240,45,2,0,0.89,1.43,99,KB
241,15,1,0,1.43,1.43,1.65,KR
241,20,2,0,1.43,1.43,1.25,0
241,29,3,0,0.9,1.43,1.65,KB
241,32,4,0,1.28,1.43,1.65,KB
241,45,5,0,0.89,1.43,99,KB
241,92,6,0,1.43,1.43,1.26,KB
241,104,7,0,1.43,1.43,1.43,0
241,111,8,0,1.21,1.43,1.1,KB
241,113,9,0,1.43,1.43,1.26,MB
242,73,1,0,1.43,1.43,1.43,0
242,113,2,0,1.43,1.43,1.26,KB
243,49,1,0,1.43,1.43,99,0
243,93,2,0,1.43,1.43,1.42,0
244,17,1,0,1.28,1.43,1.25,KB
245,42,1,0,1.43,1.43,99,0
245,56,2,0,1.43,1.43,99,0
245,73,3,0,1.43,1.43,1.43,0
246,28,1,0,1.43,0.88,1.65,0
247,60,1,0,1.21,1.43,99,KB
247,61,2,0,1.21,1.43,99,KB
247,63,3,0,1.43,1.43,99,KB
247,65,4,0,1.43,1.43,99,KB
247,68,5,0,1.43,1.43,99,KB
247,70,6,0,1.21,1.43,1.43,0
247,71,7,0,1.21,1.43,1.43,KB
247,94,8,0,0.9,0.89,1.43,KB
247,107,9,0,1.43,0.9,1.39,KB
247,111,10,0,1.21,1.43,1.1,MB
247,147,11,0,1.47,1.21,1.3,KR
248,61,1,0,1.21,1.43,99,KB
248,83,2,0,1.43,1.43,1.43,0
249,24,1,0,1.43,1.43,1.65,0
249,57,2,0,1.43,1.43,99,KR
249,60,3,0,1.21,1.43,99,0
249,90,4,0,1.43,1.43,1.23,0
249,93,5,0,1.43,1.43,1.42,KB
250,45,1,0,0.89,1.43,99,KB
250,50,2,0,1.43,1.43,99,0
250,60,3,0,1.21,1.43,99,KB
250,61,4,0,1.21,1.43,99,KB
250,68,5,0,1.43,1.43,99,0
250,86,6,0,1.43,1.43,1.34,0
250,107,7,0,1.43,0.9,1.39,0
250,109,8,0,1.43,1.43,1.61,0
250,111,9,0,1.21,1.43,1.1,0
250,122,10,0,1.43,1.43,1.26,0
250,136,11,0,1.47,1.43,1.19,0
251,64,1,0,1.43,1.43,99,0
252,10,1,0,0.88,1.4,1.61,0
252,70,2,0,1.21,1.43,1.43,KR
252,92,3,0,1.43,1.43,1.26,0
252,95,4,0,1.4,1.39,1.43,0
252,102,5,0,1.43,1.43,1.43,KR
252,103,6,0,1.43,1.43,1.43,KR
252,105,7,0,1.43,1.43,1.43,KR
252,106,8,0,1.43,1.43,1.04,KR
252,107,9,0,1.43,0.9,1.39,KB
252,108,10,0,1.43,1.43,1.43,KB
252,109,11,0,1.43,1.43,1.61,KB
252,111,12,0,1.21,1.43,1.1,KR
252,112,13,0,0.88,1.27,1.26,KR
252,113,14,0,1.43,1.43,1.26,KR
252,114,15,0,1.43,1.43,1.34,KR
252,116,16,0,1.43,1.43,1.26,KR
252,118,17,0,1.43,1.43,1.26,KR
252,119,18,0,1.43,1.43,1.26,KR
252,122,19,0,1.43,1.43,1.26,KR
252,124,20,0,1.43,1.43,1.35,KR
252,125,21,0,1.43,1.43,1.26,KR
252,133,22,0,1.47,1.43,1.17,KR
252,135,23,0,1.47,1.43,1.23,KR
252,139,24,0,1.47,1.43,1.34,KR
252,140,25,0,1.47,1.43,1.11,KR
252,153,26,0,1.47,1.43,1.27,KR
252,154,27,0,1.47,1.43,1.08,KR
252,156,28,0,1.47,1.43,1.39,KR
253,143,1,0,1.47,1.43,1.35,KB
254,141,1,0,1.47,1.43,1.37,KR
254,146,2,0,1.47,1.43,1.33,MB
255,25,1,0,1.43,1.43,1.65,0
256,80,1,0,1.43,1.43,1.25,0
256,104,2,0,1.43,1.43,1.43,KB
256,127,3,0,1.43,1.43,1.18,MB
257,107,1,0,1.43,0.9,1.39,0
258,9,1,0,1.43,1.43,1.47,KB
258,61,2,0,1.21,1.43,99,KB
258,115,3,0,1.43,1.43,1.26,MB
259,37,1,0,1.43,1.43,1.65,KB
259,87,2,0,1.43,1.43,1.26,0
259,117,3,0,1.43,0.91,1.26,KB
260,113,1,0,1.43,1.43,1.26,MB
261,120,1,0,1.43,1.43,1.26,0
261,127,2,0,1.43,1.43,1.18,MB
262,7,1,0,1.43,1.41,1.23,KR
262,13,2,0,1.43,1.43,1.65,KR
262,16,3,0,1.43,1.43,1.25,KR
262,22,4,0,1.43,1.43,1.25,KR
262,25,5,0,1.43,1.43,1.65,KR
262,37,6,0,1.43,1.43,1.65,KR
262,40,7,0,1.43,0.88,99,KR
262,45,8,0,0.89,1.43,99,KR
262,49,9,0,1.43,1.43,99,KR
262,53,10,0,1.43,1.43,99,KR
262,56,11,0,1.43,1.43,99,KR
262,61,12,0,1.21,1.43,99,KR
262,63,13,0,1.43,1.43,99,KR
262,65,14,0,1.43,1.43,99,KR
262,66,15,0,1.43,1.21,99,KR
262,71,16,0,1.21,1.43,1.43,KR
262,77,17,0,1.43,1.43,1.43,KR
262,86,18,0,1.43,1.43,1.34,KR
262,90,19,0,1.43,1.43,1.23,KR
262,91,20,0,1.43,1.43,1.35,KR
262,94,21,0,0.9,0.89,1.43,KR
262,97,22,0,1.43,1.43,1.43,KR
262,102,23,0,1.43,1.43,1.43,KR
262,105,24,0,1.43,1.43,1.43,KR
262,107,25,0,1.43,0.9,1.39,KR
262,113,26,0,1.43,1.43,1.26,KR
262,117,27,0,1.43,0.91,1.26,KR
262,124,28,0,1.43,1.43,1.35,KR
262,127,29,0,1.43,1.43,1.18,KR
262,131,30,0,1.47,1.43,1.19,KR
262,133,31,0,1.47,1.43,1.17,KR
262,134,32,0,1.47,1.43,1.23,KR
262,137,33,0,1.47,1.43,1.21,KR
262,139,34,0,1.47,1.43,1.34,KR
262,140,35,0,1.47,1.43,1.11,KR
262,143,36,0,1.47,1.43,1.35,KR
262,145,37,0,1.47,1.43,1.42,KR
262,149,38,0,1.21,1.43,1.29,KR
262,154,39,0,1.47,1.43,1.08,KR
263,46,1,0,1.43,1.43,99,0
263,113,2,0,1.43,1.43,1.26,KB
264,39,1,0,1.43,1.28,99,0
265,27,1,0,1.43,1.43,1.65,0
266,23,1,0,1.43,1.43,1.65,0
266,28,2,0,1.43,0.88,1.65,KR
266,47,3,0,0.98,1.43,99,KB
266,111,4,0,1.21,1.43,1.1,MB
266,123,5,0,1.43,1.43,1.26,MB
266,143,6,0,1.47,1.43,1.35,MB
267,94,1,0,0.9,0.89,1.43,KB
268,117,1,0,1.43,0.91,1.26,0
268,129,2,0,0.88,1.43,1.26,KB
268,137,3,0,1.47,1.43,1.21,0
269,31,1,0,1.43,0.88,1.65,KB
270,71,1,0,1.21,1.43,1.43,0
271,72,1,0,1.43,1.43,1.43,MB
271,85,2,0,1.43,1.43,1.43,0
271,102,3,0,1.43,1.43,1.43,0
271,111,4,0,1.21,1.43,1.1,MB
272,79,1,0,1.43,1.43,1.33,0
272,140,2,0,1.47,1.43,1.11,0
273,5,1,0,1.43,0.9,1.61,KR
273,62,2,0,1.43,1.43,99,0
273,114,3,0,1.43,1.43,1.34,MB
274,4,1,0,1.43,1.28,1.61,0
274,60,2,0,1.21,1.43,99,KB
275,4,1,0,1.43,1.28,1.61,KB
275,11,2,0,1.43,1.43,1.61,KB
275,63,3,0,1.43,1.43,99,KB
275,109,4,0,1.43,1.43,1.61,KB
275,132,5,0,1.47,1.43,1.03,KB
275,138,6,0,1.47,1.43,1.24,KB
275,149,7,0,1.21,1.43,1.29,KB
276,144,1,0,1.47,1.43,1.08,MB
277,13,1,0,1.43,1.43,1.65,KB
277,16,2,0,1.43,1.43,1.25,KB
277,17,3,0,1.28,1.43,1.25,KB
277,20,4,0,1.43,1.43,1.25,KB
277,53,5,0,1.43,1.43,99,KB
277,102,6,0,1.43,1.43,1.43,0
277,132,7,0,1.47,1.43,1.03,0
277,149,8,0,1.21,1.43,1.29,0
278,144,1,0,1.47,1.43,1.08,MB
278,145,2,0,1.47,1.43,1.42,MB
279,5,1,0,1.43,0.9,1.61,KB
279,8,2,0,1.43,1.43,1.23,KB
279,16,3,0,1.43,1.43,1.25,KB
279,29,4,0,0.9,1.43,1.65,KB
279,61,5,0,1.21,1.43,99,KB
279,70,6,0,1.21,1.43,1.43,KB
279,82,7,0,1.43,1.43,1.27,0
279,87,8,0,1.43,1.43,1.26,KB
279,89,9,0,1.43,1.43,1.32,KB
279,90,10,0,1.43,1.43,1.23,KB
279,98,11,0,1.41,1.41,1.43,KB
279,107,12,0,1.43,0.9,1.39,KB
279,146,13,0,1.47,1.43,1.33,KB
279,147,14,0,1.47,1.21,1.3,KB
279,150,15,0,1.42,1.43,1.27,KB
280,34,1,0,1.43,1.43,1.65,0
281,53,1,0,1.43,1.43,99,0
281,121,2,0,1.43,1.43,1.26,KR
281,147,3,0,1.47,1.21,1.3,0
282,31,1,0,1.43,0.88,1.65,KR
282,61,2,0,1.21,1.43,99,0
282,106,3,0,1.43,1.43,1.04,KR
282,117,4,0,1.43,0.91,1.26,KR
283,56,1,0,1.43,1.43,99,KB
283,117,2,0,1.43,0.91,1.26,0
284,7,1,0,1.43,1.41,1.23,0
284,17,2,0,1.28,1.43,1.25,0
284,39,3,0,1.43,1.28,99,0
284,57,4,0,1.43,1.43,99,0
285,45,1,0,0.89,1.43,99,0
286,7,1,0,1.43,1.41,1.23,0
286,64,2,0,1.43,1.43,99,0
287,129,1,0,0.88,1.43,1.26,0
288,29,1,0,0.9,1.43,1.65,KB
289,17,1,0,1.28,1.43,1.25,0
289,28,2,0,1.43,0.88,1.65,KR
289,51,3,0,1.43,1.43,99,0
289,67,4,0,1.43,1.21,99,0
289,76,5,0,1.43,1.43,1.43,0
289,96,6,0,1.43,1.43,1.43,0
289,128,7,0,1.43,1.43,1.26,0
290,68,1,0,1.43,1.43,99,0
290,95,2,0,1.4,1.39,1.43,0
290,103,3,0,1.43,1.43,1.43,0
290,104,4,0,1.43,1.43,1.43,0
290,113,5,0,1.43,1.43,1.26,0
290,115,6,0,1.43,1.43,1.26,MB
290,120,7,0,1.43,1.43,1.26,0
290,123,8,0,1.43,1.43,1.26,MB
290,131,9,0,1.47,1.43,1.19,0
290,154,10,0,1.47,1.43,1.08,MB
291,60,1,0,1.21,1.43,99,KB
291,66,2,0,1.43,1.21,99,KB
291,71,3,0,1.21,1.43,1.43,KB
292,93,1,0,1.43,1.43,1.42,KB
293,6,1,0,1.43,1.4,1.61,0
293,8,2,0,1.43,1.43,1.23,KR
293,37,3,0,1.43,1.43,1.65,0
293,86,4,0,1.43,1.43,1.34,0
293,110,5,0,1.43,1.43,1.35,0
293,129,6,0,0.88,1.43,1.26,MB
293,133,7,0,1.47,1.43,1.17,0
293,140,8,0,1.47,1.43,1.11,0
294,19,1,0,1.43,1.43,1.25,0
294,26,2,0,1.43,1.43,1.65,0
294,47,3,0,0.98,1.43,99,0
294,49,4,0,1.43,1.43,99,0
294,61,5,0,1.21,1.43,99,KB
294,65,6,0,1.43,1.43,99,0
294,93,7,0,1.43,1.43,1.42,KB
294,101,8,0,1.43,1.43,1.43,0
294,126,9,0,1.43,1.43,1.26,MB
294,134,10,0,1.47,1.43,1.23,0
295,5,1,0,1.43,0.9,1.61,0
296,61,1,0,1.21,1.43,99,0
296,111,2,0,1.21,1.43,1.1,MB
296,113,3,0,1.43,1.43,1.26,KB
296,117,4,0,1.43,0.91,1.26,0
296,124,5,0,1.43,1.43,1.35,MB
296,127,6,0,1.43,1.43,1.18,0
296,149,7,0,1.21,1.43,1.29,0
297,5,1,0,1.43,0.9,1.61,KR
297,16,2,0,1.43,1.43,1.25,MB
297,31,3,0,1.43,0.88,1.65,KR
297,107,4,0,1.43,0.9,1.39,KR
297,127,5,0,1.43,1.43,1.18,MB
298,130,1,0,1.43,1.43,1.14,0
298,137,2,0,1.47,1.43,1.21,0
299,143,1,0,1.47,1.43,1.35,0
299,151,2,0,1.47,1.43,1.29,0
300,60,1,0,1.21,1.43,99,KB
300,62,2,0,1.43,1.43,99,0
301,83,1,0,1.43,1.43,1.43,MB
302,6,1,0,1.43,1.4,1.61,0
302,13,2,0,1.43,1.43,1.65,0
302,16,3,0,1.43,1.43,1.25,0
302,35,4,0,1.43,1.43,1.65,0
302,37,5,0,1.43,1.43,1.65,0
302,40,6,0,1.43,0.88,99,0
302,50,7,0,1.43,1.43,99,0
302,54,8,0,1.43,1.43,99,0
302,59,9,0,1.21,1.43,99,0
302,77,10,0,1.43,1.43,1.43,0
302,82,11,0,1.43,1.43,1.27,0
302,92,12,0,1.43,1.43,1.26,0
302,93,13,0,1.43,1.43,1.42,0
302,105,14,0,1.43,1.43,1.43,0
302,108,15,0,1.43,1.43,1.43,0
302,109,16,0,1.43,1.43,1.61,0
302,112,17,0,0.88,1.27,1.26,0
302,113,18,0,1.43,1.43,1.26,0
302,138,19,0,1.47,1.43,1.24,0
303,10,1,0,0.88,1.4,1.61,KB
303,144,2,0,1.47,1.43,1.08,MB
304,28,1,0,1.43,0.88,1.65,0
305,109,1,0,1.43,1.43,1.61,0
305,114,2,0,1.43,1.43,1.34,MB
306,88,1,0,1.43,1.43,1.43,MB
307,107,1,0,1.43,0.9,1.39,0
307,112,2,0,0.88,1.27,1.26,KR
307,131,3,0,1.47,1.43,1.19,MB
307,141,4,0,1.47,1.43,1.37,KR
308,13,1,0,1.43,1.43,1.65,KB
308,23,2,0,1.43,1.43,1.65,0
308,42,3,0,1.43,1.43,99,0
308,73,4,0,1.43,1.43,1.43,0
308,84,5,0,1.43,1.43,1.43,0
308,104,6,0,1.43,1.43,1.43,0
308,110,7,0,1.43,1.43,1.35,MB
308,114,8,0,1.43,1.43,1.34,MB
308,119,9,0,1.43,1.43,1.26,MB
308,124,10,0,1.43,1.43,1.35,MB
308,129,11,0,0.88,1.43,1.26,KB
308,132,12,0,1.47,1.43,1.03,MB
308,135,13,0,1.47,1.43,1.23,MB
308,144,14,0,1.47,1.43,1.08,MB
308,151,15,0,1.47,1.43,1.29,MB
308,156,16,0,1.47,1.43,1.39,MB
309,33,1,0,0.93,1.43,1.65,0
309,65,2,0,1.43,1.43,99,0
309,78,3,0,1.43,1.43,1.43,0
309,93,4,0,1.43,1.43,1.42,KR
309,100,5,0,1.43,1.43,1.43,0
309,104,6,0,1.43,1.43,1.43,0
309,114,7,0,1.43,1.43,1.34,MB
309,119,8,0,1.43,1.43,1.26,MB
309,136,9,0,1.47,1.43,1.19,KB
309,143,10,0,1.47,1.43,1.35,MB
309,147,11,0,1.47,1.21,1.3,MB
310,71,1,0,1.21,1.43,1.43,KB
310,74,2,0,1.43,1.43,1.43,0
310,75,3,0,1.43,1.43,1.43,0
310,89,4,0,1.43,1.43,1.32,0
310,96,5,0,1.43,1.43,1.43,0
310,105,6,0,1.43,1.43,1.43,0
310,113,7,0,1.43,1.43,1.26,KB
310,122,8,0,1.43,1.43,1.26,MB
310,127,9,0,1.43,1.43,1.18,MB
310,140,10,0,1.47,1.43,1.11,MB
310,144,11,0,1.47,1.43,1.08,MB
310,149,12,0,1.21,1.43,1.29,KB
310,152,13,0,1.47,1.43,1.06,MB
310,154,14,0,1.47,1.43,1.08,MB
311,71,1,0,1.21,1.43,1.43,KB
312,16,1,0,1.43,1.43,1.25,MB
312,79,2,0,1.43,1.43,1.33,KB
312,94,3,0,0.9,0.89,1.43,0
312,97,4,0,1.43,1.43,1.43,KB
313,26,1,0,1.43,1.43,1.65,KB
314,100,1,0,1.43,1.43,1.43,MB
314,106,2,0,1.43,1.43,1.04,0
315,107,1,0,1.43,0.9,1.39,KR
315,112,2,0,0.88,1.27,1.26,0
316,14,1,0,1.43,1.43,1.65,0
316,21,2,0,1.43,1.43,1.25,0
316,45,3,0,0.89,1.43,99,0
316,65,4,0,1.43,1.43,99,0
316,86,5,0,1.43,1.43,1.34,KR
316,91,6,0,1.43,1.43,1.35,KR
316,96,7,0,1.43,1.43,1.43,0
316,99,8,0,1.43,1.43,1.43,KR
316,105,9,0,1.43,1.43,1.43,KR
316,106,10,0,1.43,1.43,1.04,0
316,107,11,0,1.43,0.9,1.39,KR
316,113,12,0,1.43,1.43,1.26,0
316,117,13,0,1.43,0.91,1.26,KR
316,123,14,0,1.43,1.43,1.26,0
316,127,15,0,1.43,1.43,1.18,0
316,141,16,0,1.47,1.43,1.37,0
317,22,1,0,1.43,1.43,1.25,0
317,92,2,0,1.43,1.43,1.26,0
317,113,3,0,1.43,1.43,1.26,MB
317,118,4,0,1.43,1.43,1.26,MB
317,125,5,0,1.43,1.43,1.26,MB
317,133,6,0,1.47,1.43,1.17,MB
317,149,7,0,1.21,1.43,1.29,MB
318,7,1,0,1.43,1.41,1.23,0
318,11,2,0,1.43,1.43,1.61,0
318,14,3,0,1.43,1.43,1.65,0
319,19,1,0,1.43,1.43,1.25,0
320,2,1,0,1.43,1.43,1.61,0
320,4,2,0,1.43,1.28,1.61,0
320,82,3,0,1.43,1.43,1.27,0
320,91,4,0,1.43,1.43,1.35,0
321,4,1,0,1.43,1.28,1.61,0
321,16,2,0,1.43,1.43,1.25,0
321,24,3,0,1.43,1.43,1.65,0
321,38,4,0,1.43,1.43,99,0
321,67,5,0,1.43,1.21,99,0
321,73,6,0,1.43,1.43,1.43,KB
321,85,7,0,1.43,1.43,1.43,0
322,20,1,0,1.43,1.43,1.25,0
322,38,2,0,1.43,1.43,99,0
322,59,3,0,1.21,1.43,99,KR
322,66,4,0,1.43,1.21,99,0
322,72,5,0,1.43,1.43,1.43,KR
322,91,6,0,1.43,1.43,1.35,KR
322,92,7,0,1.43,1.43,1.26,MB
322,106,8,0,1.43,1.43,1.04,KR
322,119,9,0,1.43,1.43,1.26,KR
322,132,10,0,1.47,1.43,1.03,KR
322,150,11,0,1.42,1.43,1.27,KR
322,155,12,0,1.47,1.43,1.31,KR
323,43,1,0,1.43,1.43,99,0
323,63,2,0,1.43,1.43,99,0
323,93,3,0,1.43,1.43,1.42,0
323,94,4,0,0.9,0.89,1.43,KR
323,119,5,0,1.43,1.43,1.26,MB
323,140,6,0,1.47,1.43,1.11,MB
323,146,7,0,1.47,1.43,1.33,KR
323,154,8,0,1.47,1.43,1.08,MB
324,152,1,0,1.47,1.43,1.06,MB
324,154,2,0,1.47,1.43,1.08,0
325,128,1,0,1.43,1.43,1.26,KR
325,129,2,0,0.88,1.43,1.26,KB
325,130,3,0,1.43,1.43,1.14,KR
325,132,4,0,1.47,1.43,1.03,KR
325,135,5,0,1.47,1.43,1.23,KR
325,142,6,0,1.47,1.43,1.37,KR
325,144,7,0,1.47,1.43,1.08,KR
325,151,8,0,1.47,1.43,1.29,KR
326,27,1,0,1.43,1.43,1.65,0
326,101,2,0,1.43,1.43,1.43,0
327,29,1,0,0.9,1.43,1.65,0
328,10,1,0,0.88,1.4,1.61,0
328,62,2,0,1.43,1.43,99,0
328,63,3,0,1.43,1.43,99,0
328,93,4,0,1.43,1.43,1.42,0
329,12,1,0,1.43,1.43,1.65,MB
329,16,2,0,1.43,1.43,1.25,0
329,20,3,0,1.43,1.43,1.25,0
329,24,4,0,1.43,1.43,1.65,0
329,35,5,0,1.43,1.43,1.65,0
329,60,6,0,1.21,1.43,99,0
329,62,7,0,1.43,1.43,99,0
329,75,8,0,1.43,1.43,1.43,0
329,90,9,0,1.43,1.43,1.23,0
329,105,10,0,1.43,1.43,1.43,MB
330,56,1,0,1.43,1.43,99,0
330,93,2,0,1.43,1.43,1.42,0
330,95,3,0,1.4,1.39,1.43,0
330,115,4,0,1.43,1.43,1.26,0
330,117,5,0,1.43,0.91,1.26,KB
330,118,6,0,1.43,1.43,1.26,KB
330,127,7,0,1.43,1.43,1.18,MB
330,128,8,0,1.43,1.43,1.26,MB
331,68,1,0,1.43,1.43,99,0
332,82,1,0,1.43,1.43,1.27,0
332,117,2,0,1.43,0.91,1.26,MB
332,119,3,0,1.43,1.43,1.26,0
333,140,1,0,1.47,1.43,1.11,MB
334,151,1,0,1.47,1.43,1.29,KR
335,95,1,0,1.4,1.39,1.43,0
336,60,1,0,1.21,1.43,99,KB
336,63,2,0,1.43,1.43,99,KR
336,64,3,0,1.43,1.43,99,KR
336,68,4,0,1.43,1.43,99,KR
336,77,5,0,1.43,1.43,1.43,KR
336,82,6,0,1.43,1.43,1.27,KR
336,83,7,0,1.43,1.43,1.43,KR
336,96,8,0,1.43,1.43,1.43,KR
336,110,9,0,1.43,1.43,1.35,KR
336,121,10,0,1.43,1.43,1.26,KR
336,128,11,0,1.43,1.43,1.26,KR
336,155,12,0,1.47,1.43,1.31,KR
337,21,1,0,1.43,1.43,1.25,0
337,27,2,0,1.43,1.43,1.65,0
337,37,3,0,1.43,1.43,1.65,0
337,41,4,0,1.43,1.43,99,0
338,126,1,0,1.43,1.43,1.26,0
338,152,2,0,1.47,1.43,1.06,MB
339,154,1,0,1.47,1.43,1.08,MB
340,42,1,0,1.43,1.43,99,0
341,17,1,0,1.28,1.43,1.25,KR
341,18,2,0,0.88,0.88,1.25,KB
341,29,3,0,0.9,1.43,1.65,0
341,31,4,0,1.43,0.88,1.65,KR
341,70,5,0,1.21,1.43,1.43,0
341,71,6,0,1.21,1.43,1.43,0
341,76,7,0,1.43,1.43,1.43,0
341,80,8,0,1.43,1.43,1.25,0
341,82,9,0,1.43,1.43,1.27,MB
341,95,10,0,1.4,1.39,1.43,KR
341,97,11,0,1.43,1.43,1.43,MB
341,105,12,0,1.43,1.43,1.43,0
341,114,13,0,1.43,1.43,1.34,MB
341,115,14,0,1.43,1.43,1.26,MB
341,118,15,0,1.43,1.43,1.26,0
341,127,16,0,1.43,1.43,1.18,0
341,132,17,0,1.47,1.43,1.03,MB
341,141,18,0,1.47,1.43,1.37,0
341,142,19,0,1.47,1.43,1.37,0
341,147,20,0,1.47,1.21,1.3,0
341,151,21,0,1.47,1.43,1.29,0
342,33,1,0,0.93,1.43,1.65,0
342,54,2,0,1.43,1.43,99,0
342,101,3,0,1.43,1.43,1.43,KR
342,111,4,0,1.21,1.43,1.1,0
342,112,5,0,0.88,1.27,1.26,KB
342,113,6,0,1.43,1.43,1.26,KB
342,114,7,0,1.43,1.43,1.34,MB
342,120,8,0,1.43,1.43,1.26,0
342,125,9,0,1.43,1.43,1.26,KB
343,80,1,0,1.43,1.43,1.25,KB
343,146,2,0,1.47,1.43,1.33,MB
344,83,1,0,1.43,1.43,1.43,0
345,146,1,0,1.47,1.43,1.33,0
346,1,1,0,1.43,0.89,1.21,0
347,66,1,0,1.43,1.21,99,KB
347,80,2,0,1.43,1.43,1.25,KB
347,88,3,0,1.43,1.43,1.43,KB
347,90,4,0,1.43,1.43,1.23,KB
347,110,5,0,1.43,1.43,1.35,0
347,150,6,0,1.42,1.43,1.27,0
348,85,1,0,1.43,1.43,1.43,MB
349,61,1,0,1.21,1.43,99,0
349,73,2,0,1.43,1.43,1.43,0
349,80,3,0,1.43,1.43,1.25,0
349,98,4,0,1.41,1.41,1.43,MB
349,106,5,0,1.43,1.43,1.04,0
349,114,6,0,1.43,1.43,1.34,MB
349,122,7,0,1.43,1.43,1.26,MB
349,123,8,0,1.43,1.43,1.26,MB
349,146,9,0,1.47,1.43,1.33,MB
349,149,10,0,1.21,1.43,1.29,MB
350,89,1,0,1.43,1.43,1.32,KR
351,25,1,0,1.43,1.43,1.65,0
351,27,2,0,1.43,1.43,1.65,0
351,31,3,0,1.43,0.88,1.65,KR
351,114,4,0,1.43,1.43,1.34,0
351,132,5,0,1.47,1.43,1.03,MB
352,3,1,0,1.43,1.43,1.61,KB
352,7,2,0,1.43,1.41,1.23,KB
352,39,3,0,1.43,1.28,99,KR
352,47,4,0,0.98,1.43,99,KB
352,49,5,0,1.43,1.43,99,KB
352,75,6,0,1.43,1.43,1.43,KB
352,83,7,0,1.43,1.43,1.43,KB
352,95,8,0,1.4,1.39,1.43,KB
352,100,9,0,1.43,1.43,1.43,KB
353,3,1,0,1.43,1.43,1.61,0
353,5,2,0,1.43,0.9,1.61,KB
353,9,3,0,1.43,1.43,1.47,KB
353,34,4,0,1.43,1.43,1.65,0
353,85,5,0,1.43,1.43,1.43,0
353,92,6,0,1.43,1.43,1.26,0
353,102,7,0,1.43,1.43,1.43,0
353,103,8,0,1.43,1.43,1.43,0
353,107,9,0,1.43,0.9,1.39,KB
353,109,10,0,1.43,1.43,1.61,0
353,111,11,0,1.21,1.43,1.1,KB
353,113,12,0,1.43,1.43,1.26,KB
353,115,13,0,1.43,1.43,1.26,KB
353,119,14,0,1.43,1.43,1.26,KB
353,123,15,0,1.43,1.43,1.26,KB
353,140,16,0,1.47,1.43,1.11,0
353,151,17,0,1.47,1.43,1.29,0
354,9,1,0,1.43,1.43,1.47,0
355,36,1,0,1.43,1.43,1.65,0
356,81,1,0,1.43,1.43,1.33,KB
356,140,2,0,1.47,1.43,1.11,0
357,3,1,0,1.43,1.43,1.61,KR
357,16,2,0,1.43,1.43,1.25,0
357,24,3,0,1.43,1.43,1.65,0
357,55,4,0,1.43,1.43,99,KR
357,57,5,0,1.43,1.43,99,0
357,82,6,0,1.43,1.43,1.27,0
357,103,7,0,1.43,1.43,1.43,0
357,125,8,0,1.43,1.43,1.26,0
358,53,1,0,1.43,1.43,99,KB
358,62,2,0,1.43,1.43,99,KB
358,98,3,0,1.41,1.41,1.43,0
358,113,4,0,1.43,1.43,1.26,KB
358,116,5,0,1.43,1.43,1.26,KB
358,118,6,0,1.43,1.43,1.26,MB
358,123,7,0,1.43,1.43,1.26,KB
358,124,8,0,1.43,1.43,1.35,MB
358,130,9,0,1.43,1.43,1.14,KB
358,140,10,0,1.47,1.43,1.11,KB
359,81,1,0,1.43,1.43,1.33,0
359,94,2,0,0.9,0.89,1.43,0
